univ,country,docs,cites,cpp,top_papers,subject,docs_z_world,cites_z_world,cpp_z_world,top_papers_z_world,docs_rsi_cn,cites_rsi_cn,cpp_rsi_cn,top_papers_rsi_cn,strength_score
EAST CHINA NORMAL UNIVERSITY,CHINA MAINLAND,532.0,20568.0,38.66,6.0,MOLECULAR BIOLOGY & GENETICS,-0.4175175607032627,-0.442751233361149,-0.5426048999955791,-0.4814912640192877,-0.6956097560975609,-0.22530907347859952,0.32690541781450866,-0.3333333333333333,-0.35146396289678294
EAST CHINA NORMAL UNIVERSITY,CHINA MAINLAND,771.0,14295.0,18.54,7.0,NEUROSCIENCE & BEHAVIOR,-0.2905389294793163,-0.39483643301294186,-0.2565044702943554,-0.4203062391030655,-0.42869641294838146,-0.23143524517774458,0.0,-0.3333333333333333,-0.2944563829186423
EAST CHINA NORMAL UNIVERSITY,CHINA MAINLAND,289.0,5693.0,19.7,5.0,PHARMACOLOGY & TOXICOLOGY,-0.563323923869636,-0.536359065249392,-0.07033943597957569,-0.4157906017644872,-0.6815068493150684,-0.43606648713901014,0.5962643678160917,-0.2,-0.2883902494376348
EAST CHINA NORMAL UNIVERSITY,CHINA MAINLAND,346.0,6513.0,18.82,4.0,AGRICULTURAL SCIENCES,-0.41154270959140776,-0.3900309149165576,-0.09667838585153017,-0.39786589098384373,-0.3285939968404423,-0.18675228712174524,0.24230254350736266,-0.4444444444444444,-0.2517007607803261
EAST CHINA NORMAL UNIVERSITY,CHINA MAINLAND,940.0,16875.0,17.95,12.0,CLINICAL MEDICINE,-0.17266324175561418,-0.23789859964571816,-0.32141262625255757,-0.24338336355375256,-0.10117749672917575,-0.006038435118771866,0.03537814565115812,-0.12903225806451613,-0.14702848443361854
EAST CHINA NORMAL UNIVERSITY,CHINA MAINLAND,3495.0,50802.0,14.54,47.0,PHYSICS,0.07300701007912395,-0.3285660859491112,-0.45283830746398496,-0.2876400790716314,0.1462060456508328,0.10654100933587791,-0.05764125900644684,0.05303030303030303,-0.09348767042437958
EAST CHINA NORMAL UNIVERSITY,CHINA MAINLAND,1460.0,15243.0,10.44,7.0,PSYCHIATRY PSYCHOLOGY,0.134732584189756,-0.23849434856488394,-0.7367284406238895,-0.4118534812766753,0.7629310344827587,0.37190266718636894,-0.31864904552129225,-0.15789473684210525,-0.07425672087124535
EAST CHINA NORMAL UNIVERSITY,CHINA MAINLAND,897.0,20837.0,23.23,18.0,BIOLOGY & BIOCHEMISTRY,-0.18161027382302852,-0.2608991344432698,-0.08444290954260746,-0.10863671338209169,0.04235423542354235,0.218338629142079,0.25510204081632654,0.4444444444444444,0.04058128982942436
